{
  "shape0": {
    "periodic": false, 
    "knot": [
      0.0, 
      1.0, 
      2.0, 
      3.0, 
      4.0, 
      5.0, 
      6.0, 
      7.0
    ], 
    "degree": 1, 
    "point": [
      [
        [
          4, 
          "cv[4]", 
          [
            4
          ]
        ], 
        [
          -0.205052410546207, 
          -0.011293294705092844, 
          -0.0024868333728981485
        ]
      ], 
      [
        [
          5, 
          "cv[5]", 
          [
            5
          ]
        ], 
        [
          -0.20505241054620682, 
          1.942317387767769e-15, 
          0.49618445122362
        ]
      ], 
      [
        [
          1, 
          "cv[1]", 
          [
            1
          ]
        ], 
        [
          0.4101048210924148, 
          1.7343814749292062e-15, 
          0.49618445122361915
        ]
      ], 
      [
        [
          6, 
          "cv[6]", 
          [
            6
          ]
        ], 
        [
          -0.410104821092414, 
          2.0116293587139584e-15, 
          0.49618445122361987
        ]
      ], 
      [
        [
          7, 
          "cv[7]", 
          [
            7
          ]
        ], 
        [
          5.174607865874637e-16, 
          0.011293294705096655, 
          0.9948557358201368
        ]
      ], 
      [
        [
          2, 
          "cv[2]", 
          [
            2
          ]
        ], 
        [
          0.2050524105462076, 
          1.803693445875393e-15, 
          0.49618445122361937
        ]
      ], 
      [
        [
          3, 
          "cv[3]", 
          [
            3
          ]
        ], 
        [
          0.2050524105462074, 
          -0.011293294705092974, 
          -0.002486833372898249
        ]
      ], 
      [
        [
          0, 
          "cv[0]", 
          [
            0
          ]
        ], 
        [
          5.174607865874637e-16, 
          0.011293294705096655, 
          0.9948557358201368
        ]
      ]
    ]
  }
}