{
  "shape0": {
    "periodic": false, 
    "knot": [
      0.0, 
      1.0, 
      2.0, 
      3.0, 
      4.0, 
      5.0, 
      6.0, 
      7.0, 
      8.0, 
      9.0, 
      10.0, 
      11.0, 
      12.0, 
      13.0, 
      14.0, 
      15.0, 
      16.0, 
      17.0, 
      18.0, 
      19.0, 
      20.0, 
      21.0, 
      22.0, 
      23.0, 
      24.0, 
      25.0, 
      26.0, 
      27.0, 
      28.0, 
      29.0, 
      30.0, 
      31.0, 
      32.0, 
      33.0, 
      34.0, 
      35.0, 
      36.0, 
      37.0, 
      38.0, 
      39.0, 
      40.0
    ], 
    "degree": 1, 
    "point": [
      [
        [
          19, 
          "cv[19]", 
          [
            19
          ]
        ], 
        [
          0.9884029390901841, 
          -2.911769159119615e-10, 
          -0.15654770114474115
        ]
      ], 
      [
        [
          16, 
          "cv[16]", 
          [
            16
          ]
        ], 
        [
          0.8096023974101619, 
          -2.911769159119615e-10, 
          -0.5882104601400071
        ]
      ], 
      [
        [
          12, 
          "cv[12]", 
          [
            12
          ]
        ], 
        [
          0.3092406524643461, 
          -2.911769159119615e-10, 
          -0.9517443939988816
        ]
      ], 
      [
        [
          14, 
          "cv[14]", 
          [
            14
          ]
        ], 
        [
          0.5882105064991737, 
          -2.911769159119615e-10, 
          -0.8096022078964203
        ]
      ], 
      [
        [
          31, 
          "cv[31]", 
          [
            31
          ]
        ], 
        [
          -0.15654761627888097, 
          -2.911769159119615e-10, 
          0.9805249061384651
        ]
      ], 
      [
        [
          10, 
          "cv[10]", 
          [
            10
          ]
        ], 
        [
          1.9087276720487466e-07, 
          0.05484570219428167, 
          -1.1218315983567715
        ]
      ], 
      [
        [
          28, 
          "cv[28]", 
          [
            28
          ]
        ], 
        [
          0.30924055702796227, 
          -2.911769159119615e-10, 
          0.9517442958444488
        ]
      ], 
      [
        [
          35, 
          "cv[35]", 
          [
            35
          ]
        ], 
        [
          -0.7076183622229948, 
          -2.911769159119615e-10, 
          0.707618026836626
        ]
      ], 
      [
        [
          26, 
          "cv[26]", 
          [
            26
          ]
        ], 
        [
          0.5882104587809813, 
          -2.911769159119615e-10, 
          0.8096021097419865
        ]
      ], 
      [
        [
          34, 
          "cv[34]", 
          [
            34
          ]
        ], 
        [
          -0.5882105064991745, 
          -2.911769159119615e-10, 
          0.8096020143056039
        ]
      ], 
      [
        [
          23, 
          "cv[23]", 
          [
            23
          ]
        ], 
        [
          0.8916510604741467, 
          -2.911769159119615e-10, 
          0.45431879439176287
        ]
      ], 
      [
        [
          25, 
          "cv[25]", 
          [
            25
          ]
        ], 
        [
          0.7076182667866109, 
          -2.911769159119615e-10, 
          0.7076181699912028
        ]
      ], 
      [
        [
          37, 
          "cv[37]", 
          [
            37
          ]
        ], 
        [
          -0.8916510604741472, 
          -2.911769159119615e-10, 
          0.45431855580080427
        ]
      ], 
      [
        [
          21, 
          "cv[21]", 
          [
            21
          ]
        ], 
        [
          0.9884029390901841, 
          -2.911769159119615e-10, 
          0.15654754334256812
        ]
      ], 
      [
        [
          33, 
          "cv[33]", 
          [
            33
          ]
        ], 
        [
          -0.4543189389053637, 
          -2.911769159119615e-10, 
          0.8916508682423543
        ]
      ], 
      [
        [
          5, 
          "cv[5]", 
          [
            5
          ]
        ], 
        [
          -0.707618123632036, 
          -2.911769159119615e-10, 
          -0.7076188884821286
        ]
      ], 
      [
        [
          1, 
          "cv[1]", 
          [
            1
          ]
        ], 
        [
          -0.9884028436538017, 
          -2.911769159119615e-10, 
          -0.1565480828902757
        ]
      ], 
      [
        [
          7, 
          "cv[7]", 
          [
            7
          ]
        ], 
        [
          -0.45431860487802084, 
          -2.911769159119615e-10, 
          -0.8916516344514739
        ]
      ], 
      [
        [
          3, 
          "cv[3]", 
          [
            3
          ]
        ], 
        [
          -0.8916509650377633, 
          -2.911769159119615e-10, 
          -0.4543194651644977
        ]
      ], 
      [
        [
          38, 
          "cv[38]", 
          [
            38
          ]
        ], 
        [
          -0.95174448807624, 
          -2.911769159119615e-10, 
          0.30924017392340303
        ]
      ], 
      [
        [
          17, 
          "cv[17]", 
          [
            17
          ]
        ], 
        [
          0.8916511559105302, 
          -2.911769159119615e-10, 
          -0.45431894026438857
        ]
      ], 
      [
        [
          15, 
          "cv[15]", 
          [
            15
          ]
        ], 
        [
          0.7076184099411852, 
          -2.911769159119615e-10, 
          -0.7076182681456364
        ]
      ], 
      [
        [
          29, 
          "cv[29]", 
          [
            29
          ]
        ], 
        [
          0.15654765206752433, 
          -2.911769159119615e-10, 
          0.9805249061384651
        ]
      ], 
      [
        [
          11, 
          "cv[11]", 
          [
            11
          ]
        ], 
        [
          0.1565477713630041, 
          -2.911769159119615e-10, 
          -0.9805249118990961
        ]
      ], 
      [
        [
          13, 
          "cv[13]", 
          [
            13
          ]
        ], 
        [
          0.4543189866235556, 
          -2.911769159119615e-10, 
          -0.8916509663967891
        ]
      ], 
      [
        [
          9, 
          "cv[9]", 
          [
            9
          ]
        ], 
        [
          -0.15654723453334662, 
          -2.911769159119615e-10, 
          -0.980525574629267
        ]
      ], 
      [
        [
          40, 
          "cv[40]", 
          [
            40
          ]
        ], 
        [
          -1.0007233944552483, 
          -2.911769159119615e-10, 
          -4.159108162149086e-07
        ]
      ], 
      [
        [
          27, 
          "cv[27]", 
          [
            27
          ]
        ], 
        [
          0.4543189389053631, 
          -2.911769159119615e-10, 
          0.8916508682423545
        ]
      ], 
      [
        [
          30, 
          "cv[30]", 
          [
            30
          ]
        ], 
        [
          1.9087276670668143e-07, 
          0.05484570219428167, 
          1.1218312138931874
        ]
      ], 
      [
        [
          36, 
          "cv[36]", 
          [
            36
          ]
        ], 
        [
          -0.8096023019737789, 
          -2.911769159119615e-10, 
          0.5882101233946148
        ]
      ], 
      [
        [
          8, 
          "cv[8]", 
          [
            8
          ]
        ], 
        [
          -0.30924019914152395, 
          -2.911769159119615e-10, 
          -0.9517450620535657
        ]
      ], 
      [
        [
          24, 
          "cv[24]", 
          [
            24
          ]
        ], 
        [
          0.8096022065373951, 
          -2.911769159119615e-10, 
          0.5882103142673815
        ]
      ], 
