{
  "shape0": {
    "periodic": false, 
    "knot": [
      0.0, 
      0.0, 
      0.0, 
      1.0, 
      2.0, 
      3.0, 
      4.0, 
      5.0, 
      6.0, 
      7.0, 
      8.0, 
      9.0, 
      10.0, 
      11.0, 
      12.0, 
      13.0, 
      14.0, 
      15.0, 
      16.0, 
      17.0, 
      18.0, 
      19.0, 
      20.0, 
      21.0, 
      22.0, 
      23.0, 
      24.0, 
      25.0, 
      25.0, 
      25.0
    ], 
    "degree": 3, 
    "point": [
      [
        [
          17, 
          "cv[17]", 
          [
            17
          ]
        ], 
        [
          -0.8181726562917017, 
          1.0, 
          9.834679282227032
        ]
      ], 
      [
        [
          20, 
          "cv[20]", 
          [
            20
          ]
        ], 
        [
          0.018605013669153802, 
          1.0, 
          9.41779907600799
        ]
      ], 
      [
        [
          16, 
          "cv[16]", 
          [
            16
          ]
        ], 
        [
          -0.9618196145261176, 
          1.0, 
          10.11660256545494
        ]
      ], 
      [
        [
          12, 
          "cv[12]", 
          [
            12
          ]
        ], 
        [
          -0.5944371606258684, 
          1.0, 
          11.247289403238584
        ]
      ], 
      [
        [
          14, 
          "cv[14]", 
          [
            14
          ]
        ], 
        [
          -0.9618196145261176, 
          1.0, 
          10.741631046299059
        ]
      ], 
      [
        [
          18, 
          "cv[18]", 
          [
            18
          ]
        ], 
        [
          -0.5944372811842153, 
          1.0, 
          9.610944208515413
        ]
      ], 
      [
        [
          15, 
          "cv[15]", 
          [
            15
          ]
        ], 
        [
          -1.011316953646689, 
          1.0, 
          10.429116805877
        ]
      ], 
      [
        [
          10, 
          "cv[10]", 
          [
            10
          ]
        ], 
        [
          -2.8790529321516834e-08, 
          1.0, 
          11.440433519756052
        ]
      ], 
      [
        [
          11, 
          "cv[11]", 
          [
            11
          ]
        ], 
        [
          -0.3125141185146552, 
          1.0, 
          11.390936120356306
        ]
      ], 
      [
        [
          13, 
          "cv[13]", 
          [
            13
          ]
        ], 
        [
          -0.8181725960125283, 
          1.0, 
          11.023554329526965
        ]
      ], 
      [
        [
          9, 
          "cv[9]", 
          [
            9
          ]
        ], 
        [
          0.31251403079400986, 
          1.0, 
          11.390936120356306
        ]
      ], 
      [
        [
          26, 
          "cv[26]", 
          [
            26
          ]
        ], 
        [
          -0.1503210842201794, 
          1.0, 
          9.559820455509595
        ]
      ], 
      [
        [
          27, 
          "cv[27]", 
          [
            27
          ]
        ], 
        [
          -0.1503210842201794, 
          1.0, 
          9.559820455509595
        ]
      ], 
      [
        [
          23, 
          "cv[23]", 
          [
            23
          ]
        ], 
        [
          -0.1503210842201794, 
          1.0, 
          9.275777799552763
        ]
      ], 
      [
        [
          25, 
          "cv[25]", 
          [
            25
          ]
        ], 
        [
          0.018605013669153802, 
          1.0, 
          9.417799076007991
        ]
      ], 
      [
        [
          8, 
          "cv[8]", 
          [
            8
          ]
        ], 
        [
          0.5944370427656362, 
          1.0, 
          11.247289403238584
        ]
      ], 
      [
        [
          24, 
          "cv[24]", 
          [
            24
          ]
        ], 
        [
          0.018605013669153802, 
          1.0, 
          9.417799076007991
        ]
      ], 
      [
        [
          21, 
          "cv[21]", 
          [
            21
          ]
        ], 
        [
          0.018605013669153802, 
          1.0, 
          9.41779907600799
        ]
      ], 
      [
        [
          4, 
          "cv[4]", 
          [
            4
          ]
        ], 
        [
          0.9618199788992733, 
          1.0, 
          10.11660256545494
        ]
      ], 
      [
        [
          19, 
          "cv[19]", 
          [
            19
          ]
        ], 
        [
          -0.31251420893341547, 
          1.0, 
          9.46729749139769
        ]
      ], 
      [
        [
          5, 
          "cv[5]", 
          [
            5
          ]
        ], 
        [
          1.0113167152281097, 
          1.0, 
          10.429116805877
        ]
      ], 
      [
        [
          1, 
          "cv[1]", 
          [
            1
          ]
        ], 
        [
          0.31251421163153026, 
          1.0, 
          9.467296526930916
        ]
      ], 
      [
        [
          22, 
          "cv[22]", 
          [
            22
          ]
        ], 
        [
          -0.1503210842201794, 
          1.0, 
          9.275777799552763
        ]
      ], 
      [
        [
          7, 
          "cv[7]", 
          [
            7
          ]
        ], 
        [
          0.8181724178731223, 
          1.0, 
          11.023554329526965
        ]
      ], 
      [
        [
          2, 
          "cv[2]", 
          [
            2
          ]
        ], 
        [
          0.5944374044406772, 
          1.0, 
          9.610944208515413
        ]
      ], 
      [
        [
          6, 
          "cv[6]", 
          [
            6
          ]
        ], 
        [
          0.9618193761075384, 
          1.0, 
          10.741631046299059
        ]
      ], 
      [
        [
          3, 
          "cv[3]", 
          [
            3
          ]
        ], 
        [
          0.8181729603856839, 
          1.0, 
          9.834679282227032
        ]
      ], 
      [
        [
          0, 
          "cv[0]", 
          [
            0
          ]
        ], 
        [
          1.3490574215712986e-09, 
          1.0, 
          9.41779912753117
        ]
      ]
    ]
  }
}