{
  "shape0": {
    "periodic": false, 
    "knot": [
      0.0, 
      1.0, 
      2.0, 
      3.0, 
      4.0, 
      5.0, 
      6.0, 
      7.0, 
      8.0, 
      9.0, 
      10.0, 
      11.0, 
      12.0, 
      13.0, 
      14.0, 
      15.0, 
      16.0, 
      17.0, 
      18.0, 
      19.0, 
      20.0, 
      21.0, 
      22.0, 
      23.0, 
      24.0, 
      25.0, 
      26.0, 
      27.0, 
      28.0, 
      29.0, 
      30.0, 
      31.0, 
      32.0, 
      33.0, 
      34.0, 
      35.0, 
      36.0, 
      37.0, 
      38.0, 
      39.0, 
      40.0
    ], 
    "degree": 1, 
    "point": [
      [
        [
          19, 
          "cv[19]", 
          [
            19
          ]
        ], 
        [
          0.13956513357426048, 
          0.0, 
          0.8811802182439983
        ]
      ], 
      [
        [
          16, 
          "cv[16]", 
          [
            16
          ]
        ], 
        [
          0.5901244518740549, 
          0.0, 
          0.8122368555278555
        ]
      ], 
      [
        [
          12, 
          "cv[12]", 
          [
            12
          ]
        ], 
        [
          0.9548414165434888, 
          0.0, 
          0.3102468076766871
        ]
      ], 
      [
        [
          14, 
          "cv[14]", 
          [
            14
          ]
        ], 
        [
          0.8122366640339401, 
          0.0, 
          0.5901244997475337
        ]
      ], 
      [
        [
          31, 
          "cv[31]", 
          [
            31
          ]
        ], 
        [
          -0.8811803142263762, 
          0.0, 
          -0.13956540908218454
        ]
      ], 
      [
        [
          10, 
          "cv[10]", 
          [
            10
          ]
        ], 
        [
          1.0039796168498372, 
          0.0, 
          -1.1771070578392474e-10
        ]
      ], 
      [
        [
          28, 
          "cv[28]", 
          [
            28
          ]
        ], 
        [
          -0.9548417040197822, 
          0.0, 
          0.31024671192972963
        ]
      ], 
      [
        [
          35, 
          "cv[35]", 
          [
            35
          ]
        ], 
        [
          -0.630855399319524, 
          0.0, 
          -0.630855686560396
        ]
      ], 
      [
        [
          26, 
          "cv[26]", 
          [
            26
          ]
        ], 
        [
          -0.8122369515102331, 
          0.0, 
          0.5901244518740549
        ]
      ], 
      [
        [
          34, 
          "cv[34]", 
          [
            34
          ]
        ], 
        [
          -0.8122368557632761, 
          0.0, 
          -0.5901248829707851
        ]
      ], 
      [
        [
          23, 
          "cv[23]", 
          [
            23
          ]
        ], 
        [
          -0.40503418939387986, 
          0.0, 
          0.7949240342949982
        ]
      ], 
      [
        [
          25, 
          "cv[25]", 
          [
            25
          ]
        ], 
        [
          -0.6308554950664808, 
          0.0, 
          0.6308552554636659
        ]
      ], 
      [
        [
          37, 
          "cv[37]", 
          [
            37
          ]
        ], 
        [
          -0.4050339500264864, 
          0.0, 
          -0.7949244175182489
        ]
      ], 
      [
        [
          21, 
          "cv[21]", 
          [
            21
          ]
        ], 
        [
          -0.1395653372719666, 
          0.0, 
          0.8811802182439983
        ]
      ], 
      [
        [
          33, 
          "cv[33]", 
          [
            33
          ]
        ], 
        [
          -0.7949242260243341, 
          0.0, 
          -0.40503428514083756
        ]
      ], 
      [
        [
          5, 
          "cv[5]", 
          [
            5
          ]
        ], 
        [
          0.6308558299454107, 
          0.0, 
          -0.6308554471930019
        ]
      ], 
      [
        [
          1, 
          "cv[1]", 
          [
            1
          ]
        ], 
        [
          0.13956548065698138, 
          0.0, 
          -0.8811805057202913
        ]
      ], 
      [
        [
          7, 
          "cv[7]", 
          [
            7
          ]
        ], 
        [
          0.7949246087767429, 
          0.0, 
          -0.40503399789996525
        ]
      ], 
      [
        [
          3, 
          "cv[3]", 
          [
            3
          ]
        ], 
        [
          0.4050344285258524, 
          0.0, 
          -0.7949243217712915
        ]
      ], 
      [
        [
          38, 
          "cv[38]", 
          [
            38
          ]
        ], 
        [
          -0.310246712165151, 
          0.0, 
          -0.9548418955136985
        ]
      ], 
      [
        [
          17, 
          "cv[17]", 
          [
            17
          ]
        ], 
        [
          0.40503394979106494, 
          0.0, 
          0.794924130041956
        ]
      ], 
      [
        [
          15, 
          "cv[15]", 
          [
            15
          ]
        ], 
        [
          0.6308552554636659, 
          0.0, 
          0.6308553990841025
        ]
      ], 
      [
        [
          29, 
          "cv[29]", 
          [
            29
          ]
        ], 
        [
          -0.8811803142263762, 
          0.0, 
          0.1395650976691513
        ]
      ], 
      [
        [
          11, 
          "cv[11]", 
          [
            11
          ]
        ], 
        [
          0.8811799310031244, 
          0.0, 
          0.1395652053844786
        ]
      ], 
      [
        [
          13, 
          "cv[13]", 
          [
            13
          ]
        ], 
        [
          0.7949239385480404, 
          0.0, 
          0.4050339976645435
        ]
      ], 
      [
        [
          9, 
          "cv[9]", 
          [
            9
          ]
        ], 
        [
          0.881180601231828, 
          0.0, 
          -0.13956507396783335
        ]
      ], 
      [
        [
          40, 
          "cv[40]", 
          [
            40
          ]
        ], 
        [
          2.2428922091130714e-07, 
          0.0, 
          -1.0039801915670041
        ]
      ], 
      [
        [
          27, 
          "cv[27]", 
          [
            27
          ]
        ], 
        [
          -0.7949242260243341, 
          0.0, 
          0.40503394979106494
        ]
      ], 
      [
        [
          30, 
          "cv[30]", 
          [
            30
          ]
        ], 
        [
          -1.0039800000730896, 
          0.0, 
          -1.646827938912632e-07
        ]
      ], 
      [
        [
          36, 
          "cv[36]", 
          [
            36
          ]
        ], 
        [
          -0.5901244999829547, 
          0.0, 
          -0.8122371430041494
        ]
      ], 
      [
        [
          8, 
          "cv[8]", 
          [
            8
          ]
        ], 
        [
          0.9548420867721931, 
          0.0, 
          -0.31024673610189035
        ]
      ], 
      [
        [
          24, 
          "cv[24]", 
          [
            24
          ]
        ], 
        [
          -0.5901246914768701, 
          0.0, 
          0.8122366640339401
        ]
      ], 
      [
        [
          18, 
          "cv[18]", 
          [
            18
          ]
        ], 
        [
          0.31024673586646895, 
          0.0, 
          0.9548416080374046
        ]
      ], 
      [
        [
          4, 
          "cv[4]", 
          [
            4
          ]
        ], 
        [
          0.5901249784823214, 
          0.0, 
          -0.8122369515102331
        ]
      ], 
      [
        [
          20, 
          "cv[20]", 
          [
            20
          ]
        ], 
        [
          -1.0484094545965225e-07, 
          0.0, 
