{
  "shape0": {
    "periodic": false, 
    "knot": [
      0.0, 
      1.0, 
      2.0, 
      3.0, 
      4.0
    ], 
    "degree": 1, 
    "point": [
      [
        [
          2, 
          "cv[2]", 
          [
            2
          ]
        ], 
        [
          0.988246500083889, 
          0.0, 
          -0.15680733576695702
        ]
      ], 
      [
        [
          1, 
          "cv[1]", 
          [
            1
          ]
        ], 
        [
          0.7466615377466236, 
          0.0, 
          0.0
        ]
      ], 
      [
        [
          4, 
          "cv[4]", 
          [
            4
          ]
        ], 
        [
          0.7466615377466236, 
          0.0, 
          0.0
        ]
      ], 
      [
        [
          3, 
          "cv[3]", 
          [
            3
          ]
        ], 
        [
          0.988246500083889, 
          0.0, 
          0.15680733576695702
        ]
      ], 
      [
        [
          0, 
          "cv[0]", 
          [
            0
          ]
        ], 
        [
          0.0020402875303610407, 
          0.0, 
          0.0
        ]
      ]
    ]
  }
}