{
  "shape2": {
    "periodic": true, 
    "knot": [
      -2.0, 
      -1.0, 
      0.0, 
      1.0, 
      2.0, 
      3.0, 
      4.0, 
      5.0, 
      6.0, 
      7.0, 
      8.0, 
      9.0, 
      10.0
    ], 
    "degree": 3, 
    "point": [
      [
        [
          8, 
          "cv[8]", 
          [
            8
          ]
        ], 
        [
          -1.2226433875215048, 
          0.0032370609513909334, 
          0.15649273441083986
        ]
      ], 
      [
        [
          4, 
          "cv[4]", 
          [
            4
          ]
        ], 
        [
          -1.2519108540187, 
          0.17266467117480744, 
          -0.05687006667361433
        ]
      ], 
      [
        [
          5, 
          "cv[5]", 
          [
            5
          ]
        ], 
        [
          -1.2474942180231163, 
          0.2533400249141494, 
          0.00014174632599513775
        ]
      ], 
      [
        [
          10, 
          "cv[10]", 
          [
            10
          ]
        ], 
        [
          -1.2585358080120754, 
          0.0032370609513909803, 
          -0.1562092417588494
        ]
      ], 
      [
        [
          1, 
          "cv[1]", 
          [
            1
          ]
        ], 
        [
          -1.2474942180231152, 
          0.0032370608765980432, 
          0.0001417463259950905
        ]
      ], 
      [
        [
          6, 
          "cv[6]", 
          [
            6
          ]
        ], 
        [
          -1.237297343061433, 
          0.17266467117480758, 
          0.05715355932560461
        ]
      ], 
      [
        [
          7, 
          "cv[7]", 
          [
            7
          ]
        ], 
        [
          -1.2226433875215048, 
          0.017944436224917655, 
          0.1597511388842605
        ]
      ], 
      [
        [
          2, 
          "cv[2]", 
          [
            2
          ]
        ], 
        [
          -1.2585358080120754, 
          0.0032370609513909803, 
          -0.1562092417588494
        ]
      ], 
      [
        [
          9, 
          "cv[9]", 
          [
            9
          ]
        ], 
        [
          -1.2474942180231152, 
          0.0032370608765980432, 
          0.0001417463259950905
        ]
      ], 
      [
        [
          3, 
          "cv[3]", 
          [
            3
          ]
        ], 
        [
          -1.2585358080120754, 
          0.017944436224917377, 
          -0.15946764623227036
        ]
      ], 
      [
        [
          0, 
          "cv[0]", 
          [
            0
          ]
        ], 
        [
          -1.2226433875215048, 
          0.0032370609513909334, 
          0.15649273441083986
        ]
      ]
    ]
  }, 
  "shape1": {
    "periodic": true, 
    "knot": [
      -2.0, 
      -1.0, 
      0.0, 
      1.0, 
      2.0, 
      3.0, 
      4.0, 
      5.0, 
      6.0, 
      7.0, 
      8.0, 
      9.0, 
      10.0
    ], 
    "degree": 3, 
    "point": [
      [
        [
          8, 
          "cv[8]", 
          [
            8
          ]
        ], 
        [
          1.2230899579012338, 
          0.002807485474115622, 
          0.1563509880848448
        ]
      ], 
      [
        [
          4, 
          "cv[4]", 
          [
            4
          ]
        ], 
        [
          1.2525008292137032, 
          0.17223509569753134, 
          -0.05701181299960945
        ]
      ], 
      [
        [
          5, 
          "cv[5]", 
          [
            5
          ]
        ], 
        [
          1.2489664300216428, 
          0.2529104494368739, 
          1.8997061010395194e-17
        ]
      ], 
      [
        [
          10, 
          "cv[10]", 
          [
            10
          ]
        ], 
        [
          1.2580665225599656, 
          0.002807485474115622, 
          -0.15635098808484457
        ]
      ], 
      [
        [
          1, 
          "cv[1]", 
          [
            1
          ]
        ], 
        [
          1.2489664300216432, 
          0.0028074853993222807, 
          1.8065085307426805e-17
        ]
      ], 
      [
        [
          6, 
          "cv[6]", 
          [
            6
          ]
        ], 
        [
          1.2377398244576863, 
          0.17223509569753137, 
          0.05701181299960945
        ]
      ], 
      [
        [
          7, 
          "cv[7]", 
          [
            7
          ]
        ], 
        [
          1.2230899579012338, 
          0.017514860747641945, 
          0.15960939255826542
        ]
      ], 
      [
        [
          2, 
          "cv[2]", 
          [
            2
          ]
        ], 
        [
          1.2580665225599656, 
          0.002807485474115622, 
          -0.15635098808484457
        ]
      ], 
      [
        [
          9, 
          "cv[9]", 
          [
            9
          ]
        ], 
        [
          1.2489664300216432, 
          0.0028074853993222807, 
          1.8065085307426805e-17
        ]
      ], 
      [
        [
          3, 
          "cv[3]", 
          [
            3
          ]
        ], 
        [
          1.2580665225599656, 
          0.017514860747641386, 
          -0.15960939255826542
        ]
      ], 
      [
        [
          0, 
          "cv[0]", 
          [
            0
          ]
        ], 
        [
          1.2230899579012338, 
          0.002807485474115622, 
          0.1563509880848448
        ]
      ]
    ]
  }, 
  "shape0": {
    "periodic": true, 
    "knot": [
      -2.0, 
      -1.0, 
      0.0, 
      1.0, 
      2.0, 
      3.0, 
      4.0, 
      5.0, 
      6.0, 
      7.0, 
      8.0, 
      9.0, 
      10.0
    ], 
    "degree": 3,