{
  "shape2": {
    "periodic": true, 
    "knot": [
      -2.0, 
      -1.0, 
      0.0, 
      1.0, 
      2.0, 
      3.0, 
      4.0, 
      5.0, 
      6.0, 
      7.0, 
      8.0, 
      9.0, 
      10.0
    ], 
    "degree": 3, 
    "point": [
      [
        [
          8, 
          "cv[8]", 
          [
            8
          ]
        ], 
        [
          2.0875162427009498e-16, 
          -0.7369170984132073, 
          1.8408558012451037
        ]
      ], 
      [
        [
          4, 
          "cv[4]", 
          [
            4
          ]
        ], 
        [
          -1.0478863030384499e-16, 
          0.2687093975264808, 
          2.7144058273240694
        ]
      ], 
      [
        [
          5, 
          "cv[5]", 
          [
            5
          ]
        ], 
        [
          -6.381378243144025e-17, 
          1.1450517488075218e-16, 
          3.019646883831446
        ]
      ], 
      [
        [
          10, 
          "cv[10]", 
          [
            10
          ]
        ], 
        [
          -1.1850530768922617e-16, 
          0.7369170984132062, 
          1.8408558012451037
        ]
      ], 
      [
        [
          1, 
          "cv[1]", 
          [
            1
          ]
        ], 
        [
          6.381378243144017e-17, 
          1.1889778435022617e-16, 
          2.0368894691660158
        ]
      ], 
      [
        [
          6, 
          "cv[6]", 
          [
            6
          ]
        ], 
        [
          1.4542313722976184e-17, 
          -0.2687093975264803, 
          2.7144058273240703
        ]
      ], 
      [
        [
          7, 
          "cv[7]", 
          [
            7
          ]
        ], 
        [
          1.6703853541419355e-16, 
          -0.7522746858478762, 
          2.037346273362787
        ]
      ], 
      [
        [
          2, 
          "cv[2]", 
          [
            2
          ]
        ], 
        [
          -1.1850530768922617e-16, 
          0.7369170984132062, 
          1.8408558012451037
        ]
      ], 
      [
        [
          9, 
          "cv[9]", 
          [
            9
          ]
        ], 
        [
          6.381378243144017e-17, 
          1.1889778435022617e-16, 
          2.0368894691660158
        ]
      ], 
      [
        [
          3, 
          "cv[3]", 
          [
            3
          ]
        ], 
        [
          -1.6703853541419355e-16, 
          0.7522746858478762, 
          2.037346273362785
        ]
      ], 
      [
        [
          0, 
          "cv[0]", 
          [
            0
          ]
        ], 
        [
          2.0875162427009498e-16, 
          -0.7369170984132073, 
          1.8408558012451037
        ]
      ]
    ]
  }, 
  "shape1": {
    "periodic": true, 
    "knot": [
      -2.0, 
      -1.0, 
      0.0, 
      1.0, 
      2.0, 
      3.0, 
      4.0, 
      5.0, 
      6.0, 
      7.0, 
      8.0, 
      9.0, 
      10.0
    ], 
    "degree": 3, 
    "point": [
      [
        [
          8, 
          "cv[8]", 
          [
            8
          ]
        ], 
        [
          0.7369170984132072, 
          4.512315829043424e-17, 
          1.8396608562256411
        ]
      ], 
      [
        [
          4, 
          "cv[4]", 
          [
            4
          ]
        ], 
        [
          -0.2687093975264808, 
          -4.5123158290434256e-17, 
          2.713210882304604
        ]
      ], 
      [
        [
          5, 
          "cv[5]", 
          [
            5
          ]
        ], 
        [
          -1.1450517488075218e-16, 
          -6.381378243144019e-17, 
          3.018451938811985
        ]
      ], 
      [
        [
          10, 
          "cv[10]", 
          [
            10
          ]
        ], 
        [
          -0.7369170984132062, 
          4.512315829043426e-17, 
          1.8396608562256411
        ]
      ], 
      [
        [
          1, 
          "cv[1]", 
          [
            1
          ]
        ], 
        [
          -1.18897784350226e-16, 
          6.381378243144017e-17, 
          2.035694524146552
        ]
      ], 
      [
        [
          6, 
          "cv[6]", 
          [
            6
          ]
        ], 
        [
          0.2687093975264803, 
          -4.5123158290434293e-17, 
          2.7132108823046046
        ]
      ], 
      [
        [
          7, 
          "cv[7]", 
          [
            7
          ]
        ], 
        [
          0.7522746858478755, 
          -3.430166946162033e-32, 
          2.036151328343323
        ]
      ], 
      [
        [
          2, 
          "cv[2]", 
          [
            2
          ]
        ], 
        [
          -0.7369170984132062, 
          4.512315829043426e-17, 
          1.8396608562256411
        ]
      ], 
      [
        [
          9, 
          "cv[9]", 
          [
            9
          ]
        ], 
        [
          -1.18897784350226e-16, 
          6.381378243144017e-17, 
          2.035694524146552
        ]
      ], 
      [
        [
          3, 
          "cv[3]", 
          [
            3
          ]
        ], 
        [
          -0.7522746858478755, 
          1.8464475219898368e-32, 
          2.0361513283433204
        ]
      ], 
      [
        [
          0, 
          "cv[0]", 
          [
            0
          ]
        ], 
        [
          0.7369170984132072, 
          4.512315829043424e-17, 
          1.8396608562256411
        ]
      ]
    ]
  }, 
  "shape0": {
    "periodic": true, 
    "knot": [
      -2.0, 
      -1.0, 
      0.0, 
      1.0, 
      2.0, 
      3.0, 
      4.0, 
      5.0, 
      6.0, 
      7.0, 
      8.0, 
      9.0, 
      10.0
    ], 
    "degree": 3,