{
  "shape0": {
    "periodic": false, 
    "knot": [
      0.0, 
      1.0, 
      2.0, 
      3.0, 
      4.0, 
      5.0, 
      6.0, 
      7.0, 
      8.0, 
      9.0, 
      10.0, 
      11.0, 
      12.0, 
      13.0, 
      14.0, 
      15.0, 
      16.0, 
      17.0, 
      18.0, 
      19.0, 
      20.0, 
      21.0, 
      22.0, 
      23.0, 
      24.0, 
      25.0, 
      26.0, 
      27.0, 
      28.0, 
      29.0, 
      30.0, 
      31.0, 
      31.9, 
      32.0, 
      32.1, 
      33.0, 
      34.0, 
      35.0, 
      36.0, 
      37.0, 
      38.0, 
      39.0, 
      40.0, 
      41.0, 
      42.0, 
      43.0, 
      44.0, 
      45.0, 
      46.0, 
      47.0, 
      48.0
    ], 
    "degree": 1, 
    "point": [
      [
        [
          19, 
          "cv[19]", 
          [
            19
          ]
        ], 
        [
          -0.2792837253604394, 
          0.0, 
          1.3727185853706925
        ]
      ], 
      [
        [
          16, 
          "cv[16]", 
          [
            16
          ]
        ], 
        [
          0.26729179387213536, 
          0.0, 
          1.3751035146355632
        ]
      ], 
      [
        [
          12, 
          "cv[12]", 
          [
            12
          ]
        ], 
        [
          1.1613479801011901, 
          0.0, 
          0.7833407364800548
        ]
      ], 
      [
        [
          14, 
          "cv[14]", 
          [
            14
          ]
        ], 
        [
          1.0684466222178994, 
          0.0, 
          1.3442202036329487
        ]
      ], 
      [
        [
          45, 
          "cv[45]", 
          [
            45
          ]
        ], 
        [
          -0.8389720841969431, 
          0.0, 
          0.5658936777581992
        ]
      ], 
      [
        [
          31, 
          "cv[31]", 
          [
            31
          ]
        ], 
        [
          -0.773175730297549, 
          0.0, 
          -1.1681401923846615
        ]
      ], 
      [
        [
          10, 
          "cv[10]", 
          [
            10
          ]
        ], 
        [
          1.7060122795164088, 
          0.0, 
          0.19500074997046513
        ]
      ], 
      [
        [
          41, 
          "cv[41]", 
          [
            41
          ]
        ], 
        [
          0.5658920692557827, 
          0.0, 
          0.8389719569303339
        ]
      ], 
      [
        [
          28, 
          "cv[28]", 
          [
            28
          ]
        ], 
        [
          -1.1613494866662852, 
          0.0, 
          -0.7833393635094755
        ]
      ], 
      [
        [
          47, 
          "cv[47]", 
          [
            47
          ]
        ], 
        [
          -0.9933897209968129, 
          0.0, 
          -0.19309478545984834
        ]
      ], 
      [
        [
          35, 
          "cv[35]", 
          [
            35
          ]
        ], 
        [
          0.1930948988672028, 
          0.0, 
          -0.993387854250557
        ]
      ], 
      [
        [
          43, 
          "cv[43]", 
          [
            43
          ]
        ], 
        [
          -0.19309640654259294, 
          0.0, 
          0.9933897956541727
        ]
      ], 
      [
        [
          26, 
          "cv[26]", 
          [
            26
          ]
        ], 
        [
          -1.7060139196760207, 
          0.0, 
          -0.19499954399302857
        ]
      ], 
      [
        [
          34, 
          "cv[34]", 
          [
            34
          ]
        ], 
        [
          -0.20175710401242677, 
          0.0, 
          -0.9916652055433083
        ]
      ], 
      [
        [
          23, 
          "cv[23]", 
          [
            23
          ]
        ], 
        [
          -1.1681416989497562, 
          0.0, 
          0.7731759306893196
        ]
      ], 
      [
        [
          25, 
          "cv[25]", 
          [
            25
          ]
        ], 
        [
          -1.7076508532567067, 
          0.0, 
          0.1801051787446632
        ]
      ], 
      [
        [
          37, 
          "cv[37]", 
          [
            37
          ]
        ], 
        [
          0.8389701187420663, 
          0.0, 
          -0.5658921973184992
        ]
      ], 
      [
        [
          21, 
          "cv[21]", 
          [
            21
          ]
        ], 
        [
          -1.0801387843159835, 
          0.0, 
          1.3348448078257513
        ]
      ], 
      [
        [
          33, 
          "cv[33]", 
          [
            33
          ]
        ], 
        [
          -0.2453597034068419, 
          0.0, 
          -1.2366375550395785
        ]
      ], 
      [
        [
          5, 
          "cv[5]", 
          [
            5
          ]
        ], 
        [
          1.0801372109536307, 
          0.0, 
          -1.3348426332880885
        ]
      ], 
      [
        [
          1, 
          "cv[1]", 
          [
            1
          ]
        ], 
        [
          -0.1801048614576924, 
          0.0, 
          -1.7076489459080701
        ]
      ], 
      [
        [
          7, 
          "cv[7]", 
          [
            7
          ]
        ], 
        [
          1.1681401923846615, 
          0.0, 
          -0.7731738229489118
        ]
      ], 
      [
        [
          49, 
          "cv[49]", 
          [
            49
          ]
        ], 
        [
          -0.5658935282020755, 
          0.0, 
          -0.8389703638508819
        ]
      ], 
      [
        [
          3, 
          "cv[3]", 
          [
            3
          ]
        ], 
        [
          0.2792824024878023, 
          0.0, 
          -1.3727165444275429
        ]
      ], 
      [
        [
          38, 
          "cv[38]", 
          [
            38
          ]
        ], 
        [
          0.9916651604241227, 
          0.0, 
          -0.20175583064809294
        ]
      ], 
      [
        [
          17, 
          "cv[17]", 
          [
            17
          ]
        ], 
        [
          0.18010367217956938, 
          0.0, 
          1.7076508532567067
        ]
      ], 
      [
        [
          48, 
          "cv[48]", 
          [
            48
          ]
        ], 
        [
          -0.8438779358279844, 
          0.0, 
          -0.5585497018392178
        ]
      ], 
      [
        [
          44, 
          "cv[44]", 
          [
            44
          ]
        ], 
        [
          -0.5585513784457319, 
          0.0, 
          0.8438780340537825
        ]
      ], 
      [
        [
          15, 
          "cv[15]", 
          [
            15
          ]
        ], 
        [
          0.773174290529712, 
          0.0, 
          1.1681415653552447
        ]
      ], 
      [
        [
          29, 
          "cv[29]", 
          [
            29
          ]
        ], 
        [
          -1.3348445406367233, 
          0.0, 
          -1.0801372109536307
        ]
      ], 
      [
        [
          11, 
          "cv[11]", 
          [
            11
          ]
        ], 
        [
          1.3727168116165716, 
          0.0, 
          0.2792834915700393
        ]
      ], 
      [
        [
          50, 
          "cv[50]", 
          [
            50
          ]
        ], 
        [
          -0.2017571047072862, 
          0.0, 
          -0.9916652330695236
        ]
      ], 
      [
        [
          13, 
          "cv[13]", 
          [
            13
          ]
        ], 
        [
          1.334843034071629, 
          0.0, 
          1.0801384503296967
        ]
      ], 
      [
        [
          46, 
          "cv[46]", 
          [
            46
          ]
        ], 
        [
          -0.9916670148314632, 
          0.0, 
          0.20175726395090968
        ]
      ], 
      [
        [
          9, 
