{
  "shape0": {
    "periodic": false, 
    "knot": [
      0.0, 
      1.0, 
      2.0, 
      3.0, 
      4.0, 
      5.0, 
      6.0, 
      7.0, 
      8.0, 
      9.0, 
      10.0
    ], 
    "degree": 1, 
    "point": [
      [
        [
          8, 
          "cv[8]", 
          [
            8
          ]
        ], 
        [
          0.0, 
          0.011293294705096655, 
          -0.9948557358201368
        ]
      ], 
      [
        [
          4, 
          "cv[4]", 
          [
            4
          ]
        ], 
        [
          0.4101048210924148, 
          0.0, 
          0.49618445122361915
        ]
      ], 
      [
        [
          5, 
          "cv[5]", 
          [
            5
          ]
        ], 
        [
          0.2050524105462076, 
          0.0, 
          0.49618445122361937
        ]
      ], 
      [
        [
          10, 
          "cv[10]", 
          [
            10
          ]
        ], 
        [
          -0.20505241054620682, 
          0.0, 
          -0.49618445122362
        ]
      ], 
      [
        [
          1, 
          "cv[1]", 
          [
            1
          ]
        ], 
        [
          -0.20505241054620682, 
          0.0, 
          0.49618445122362
        ]
      ], 
      [
        [
          6, 
          "cv[6]", 
          [
            6
          ]
        ], 
        [
          0.2050524105462076, 
          0.0, 
          -0.49618445122361937
        ]
      ], 
      [
        [
          7, 
          "cv[7]", 
          [
            7
          ]
        ], 
        [
          0.4101048210924148, 
          0.0, 
          -0.49618445122361915
        ]
      ], 
      [
        [
          2, 
          "cv[2]", 
          [
            2
          ]
        ], 
        [
          -0.410104821092414, 
          0.0, 
          0.49618445122361987
        ]
      ], 
      [
        [
          9, 
          "cv[9]", 
          [
            9
          ]
        ], 
        [
          -0.410104821092414, 
          0.0, 
          -0.49618445122361987
        ]
      ], 
      [
        [
          3, 
          "cv[3]", 
          [
            3
          ]
        ], 
        [
          0.0, 
          0.011293294705096655, 
          0.9948557358201368
        ]
      ], 
      [
        [
          0, 
          "cv[0]", 
          [
            0
          ]
        ], 
        [
          -0.20505240559577942, 
          0.0, 
          -0.49618443846702576
        ]
      ]
    ]
  }
}