{
  "shape0": {
    "periodic": false, 
    "knot": [
      0.0, 
      1.0, 
      2.0, 
      3.0, 
      4.0, 
      5.0, 
      6.0, 
      7.0, 
      8.0, 
      9.0, 
      10.0, 
      11.0, 
      12.0, 
      13.0, 
      14.0, 
      15.0, 
      16.0, 
      17.0
    ], 
    "degree": 1, 
    "point": [
      [
        [
          17, 
          "cv[17]", 
          [
            17
          ]
        ], 
        [
          -0.9937856781971045, 
          0.9937856781971045, 
          0.9937856781971045
        ]
      ], 
      [
        [
          16, 
          "cv[16]", 
          [
            16
          ]
        ], 
        [
          0.9937856781971045, 
          0.9937856781971045, 
          0.9937856781971045
        ]
      ], 
      [
        [
          12, 
          "cv[12]", 
          [
            12
          ]
        ], 
        [
          0.9937856781971045, 
          -0.9937856781971045, 
          -0.9937856781971045
        ]
      ], 
      [
        [
          14, 
          "cv[14]", 
          [
            14
          ]
        ], 
        [
          -0.9937856781971045, 
          -0.9937856781971045, 
          0.9937856781971045
        ]
      ], 
      [
        [
          15, 
          "cv[15]", 
          [
            15
          ]
        ], 
        [
          0.9937856781971045, 
          -0.9937856781971045, 
          0.9937856781971045
        ]
      ], 
      [
        [
          10, 
          "cv[10]", 
          [
            10
          ]
        ], 
        [
          0.9937856781971045, 
          0.9937856781971045, 
          0.9937856781971045
        ]
      ], 
      [
        [
          11, 
          "cv[11]", 
          [
            11
          ]
        ], 
        [
          0.9937856781971045, 
          -0.9937856781971045, 
          0.9937856781971045
        ]
      ], 
      [
        [
          13, 
          "cv[13]", 
          [
            13
          ]
        ], 
        [
          -0.9937856781971045, 
          -0.9937856781971045, 
          -0.9937856781971045
        ]
      ], 
      [
        [
          9, 
          "cv[9]", 
          [
            9
          ]
        ], 
        [
          0.9937856781971045, 
          0.9937856781971045, 
          -0.9937856781971045
        ]
      ], 
      [
        [
          8, 
          "cv[8]", 
          [
            8
          ]
        ], 
        [
          0.9937856781971045, 
          -0.9937856781971045, 
          -0.9937856781971045
        ]
      ], 
      [
        [
          4, 
          "cv[4]", 
          [
            4
          ]
        ], 
        [
          -0.9937856781971045, 
          0.9937856781971045, 
          -0.9937856781971045
        ]
      ], 
      [
        [
          5, 
          "cv[5]", 
          [
            5
          ]
        ], 
        [
          -0.9937856781971045, 
          0.9937856781971045, 
          0.9937856781971045
        ]
      ], 
      [
        [
          1, 
          "cv[1]", 
          [
            1
          ]
        ], 
        [
          0.9937856781971045, 
          0.9937856781971045, 
          -0.9937856781971045
        ]
      ], 
      [
        [
          6, 
          "cv[6]", 
          [
            6
          ]
        ], 
        [
          -0.9937856781971045, 
          -0.9937856781971045, 
          0.9937856781971045
        ]
      ], 
      [
        [
          7, 
          "cv[7]", 
          [
            7
          ]
        ], 
        [
          -0.9937856781971045, 
          -0.9937856781971045, 
          -0.9937856781971045
        ]
      ], 
      [
        [
          2, 
          "cv[2]", 
          [
            2
          ]
        ], 
        [
          0.9937856781971045, 
          -0.9937856781971045, 
          -0.9937856781971045
        ]
      ], 
      [
        [
          3, 
          "cv[3]", 
          [
            3
          ]
        ], 
        [
          -0.9937856781971045, 
          -0.9937856781971045, 
          -0.9937856781971045
        ]
      ], 
      [
        [
          0, 
          "cv[0]", 
          [
            0
          ]
        ], 
        [
          -0.9937856781971045, 
          0.9937856781971045, 
          -0.9937856781971045
        ]
      ]
    ]
  }
}