{
  "shape0": {
    "periodic": false, 
    "knot": [
      0.0, 
      1.0, 
      2.0, 
      3.0, 
      4.0, 
      5.0, 
      6.0, 
      7.0, 
      8.0
    ], 
    "degree": 1, 
    "point": [
      [
        [
          8, 
          "cv[8]", 
          [
            8
          ]
        ], 
        [
          0.7466615377466236, 
          0.0, 
          9.143966622478432e-17
        ]
      ], 
      [
        [
          4, 
          "cv[4]", 
          [
            4
          ]
        ], 
        [
          0.0, 
          0.0, 
          0.0
        ]
      ], 
      [
        [
          5, 
          "cv[5]", 
          [
            5
          ]
        ], 
        [
          0.7466615377466236, 
          0.0, 
          9.143966622478432e-17
        ]
      ], 
      [
        [
          1, 
          "cv[1]", 
          [
            1
          ]
        ], 
        [
          -0.988246500083889, 
          0.0, 
          0.1568073357669569
        ]
      ], 
      [
        [
          6, 
          "cv[6]", 
          [
            6
          ]
        ], 
        [
          0.988246500083889, 
          0.0, 
          -0.1568073357669569
        ]
      ], 
      [
        [
          7, 
          "cv[7]", 
          [
            7
          ]
        ], 
        [
          0.988246500083889, 
          0.0, 
          0.15680733576695713
        ]
      ], 
      [
        [
          2, 
          "cv[2]", 
          [
            2
          ]
        ], 
        [
          -0.988246500083889, 
          0.0, 
          -0.15680733576695713
        ]
      ], 
      [
        [
          3, 
          "cv[3]", 
          [
            3
          ]
        ], 
        [
          -0.7466615377466236, 
          0.0, 
          -9.143966622478432e-17
        ]
      ], 
      [
        [
          0, 
          "cv[0]", 
          [
            0
          ]
        ], 
        [
          -0.7466615377466236, 
          0.0, 
          -9.143966622478432e-17
        ]
      ]
    ]
  }
}