{
  "shape0": {
    "periodic": false, 
    "knot": [
      0.0, 
      1.0, 
      2.0, 
      3.0, 
      4.0, 
      5.0, 
      6.0, 
      7.0, 
      8.0, 
      9.0, 
      10.0, 
      11.0
    ], 
    "degree": 1, 
    "point": [
      [
        [
          8, 
          "cv[8]", 
          [
            8
          ]
        ], 
        [
          0.0, 
          0.0, 
          0.0
        ]
      ], 
      [
        [
          4, 
          "cv[4]", 
          [
            4
          ]
        ], 
        [
          0.0, 
          0.0, 
          0.0
        ]
      ], 
      [
        [
          5, 
          "cv[5]", 
          [
            5
          ]
        ], 
        [
          0.0, 
          -0.9989254177825969, 
          0.0
        ]
      ], 
      [
        [
          10, 
          "cv[10]", 
          [
            10
          ]
        ], 
        [
          0.0, 
          0.0, 
          0.0
        ]
      ], 
      [
        [
          1, 
          "cv[1]", 
          [
            1
          ]
        ], 
        [
          0.0, 
          0.9998607328538471, 
          0.0
        ]
      ], 
      [
        [
          11, 
          "cv[11]", 
          [
            11
          ]
        ], 
        [
          0.0, 
          0.0, 
          -0.9949403003622903
        ]
      ], 
      [
        [
          6, 
          "cv[6]", 
          [
            6
          ]
        ], 
        [
          0.0, 
          0.0, 
          0.0
        ]
      ], 
      [
        [
          7, 
          "cv[7]", 
          [
            7
          ]
        ], 
        [
          0.0, 
          0.0, 
          0.9974152762338385
        ]
      ], 
      [
        [
          2, 
          "cv[2]", 
          [
            2
          ]
        ], 
        [
          0.0, 
          0.0, 
          0.0
        ]
      ], 
      [
        [
          9, 
          "cv[9]", 
          [
            9
          ]
        ], 
        [
          -0.9997044226160858, 
          0.0, 
          0.0
        ]
      ], 
      [
        [
          3, 
          "cv[3]", 
          [
            3
          ]
        ], 
        [
          0.9958402404467032, 
          -1.734723475976807e-18, 
          -2.7755575615628914e-17
        ]
      ], 
      [
        [
          0, 
          "cv[0]", 
          [
            0
          ]
        ], 
        [
          0.0, 
          0.0, 
          0.0
        ]
      ]
    ]
  }
}